Sua Pergunta,Resposta do Modelo,timestamp
,,2025-06-27 18:41:46.660566
,,2025-06-27 18:41:55.853364
,,2025-06-27 18:41:59.351656
qual o assunto do documento? responda em portugeus brasil,,2025-06-30 18:43:39.148724
qual os esquipamentos da agencia 0038,"Baseado no contexto fornecido, não há informações suficientes para determinar a descrição exata dos equipamentos utilizados na agência. A ordem de serviço e o relatório do serviço são mencionados, mas não são detalhados o suficiente para identificar os esquipamentos específicos da agência 0038. É necessário mais contexto ou descrições adicionais para poder informar sobre os equipamentos exatamente utilizados naquele local específico.

**Fontes:**
- ./docs/0428_2024-07-08_migracao.pdf
  Conteúdo: 0428 - ALAMEDA BARROS - .
ça FULL - VAREJO EB usei








conrimação ou arunuização

onsemvações

récuco

ss comcações couros

Agência zm
Endarço: amada Boro, 32

Total de dispostos: &

>...
- ./docs/8884_2024-10-22-manutencao.pdf
  Conteúdo: ORDEM DE SERVIÇO

Teatro:
Ema oporcionaeetio
Endoraço: Rus Li Serio Jair 1 - 3 nl 132 Carautas- São

Informaçõos do clanto

ao Ag BRA - Osasco Ay Aucmamitas so -

masos persaoesa
anos ascugo
menurENção

orentação

ano às nit63 zero se 1200

Fo atada ...
- ./docs/5199_2024-10-22_OS.pdf
  Conteúdo: é) Responsável pla agência - nome completo e cargo
Não informar CPF

Edo cado GA

T) Mimero de funlona responsável pela agência

BjAssinatura responsável agência

Assinatura...
- ./docs/5199_2024-10-22_OS.pdf
  Conteúdo: ORDEM DE SERVIÇO

Teatro:
Ema oporcionaieétio
Endoraço: Rus Li Serbia Jair 1 - 13 nl Cj 132 Carautas- São

Informaçõos do clanto

tao -Ag 516) -Caieros. so -

masos persanico
ano as ego
menurENção

orentação

Foesizado a miração for, ausizado ma, E e...
- ./docs/8884_2024-10-22-manutencao.pdf
  Conteúdo: Responsável pla agência - nome completo e cargo
No ntomar CPF

Angola Cardoso Ageia co Nogocos

T) Mimero de funlona responsável pela agência

BjAssintura responsável agência

Assinado por Angelica Cardoso, Documant: 421.830 44830

cp no ins 2


Assi...",2025-07-08 20:43:32.252336
